[{"model": "auth.user", "fields": {"password": "pbkdf2_sha256$600000$lc4fntS5JQpxDmjGD5XA7l$8Nsa2SiYKqYv4VBlt8h80iqvxpr89Jl86Ge6QPyS+qU=", "last_login": "2026-04-28T12:12:27.920Z", "is_superuser": true, "username": "kevin", "first_name": "", "last_name": "", "email": "kevinbueno360@gmail.com", "is_staff": true, "is_active": true, "date_joined": "2026-04-28T00:46:19.465Z", "groups": [], "user_permissions": []}}, {"model": "auth.user", "fields": {"password": "pbkdf2_sha256$600000$DtuvHqpimmA5hkJ9CDwbS7$7iqVSVbqf7NSmIJgAeGRn6AnbtraedOjs7h/pvM5Zvk=", "last_login": "2026-04-28T06:16:31.080Z", "is_superuser": false, "username": "admin1", "first_name": "", "last_name": "", "email": "admin1@gmail.com", "is_staff": true, "is_active": true, "date_joined": "2026-04-28T00:51:32.461Z", "groups": [], "user_permissions": []}}, {"model": "auth.user", "fields": {"password": "pbkdf2_sha256$600000$bUQybPu9lmRj3ArD6mLdgN$m9+AmbuwvslgIFezp8HQ7YzHG0gY9cXShM1fZ2m3s74=", "last_login": null, "is_superuser": false, "username": "Lisa Miller", "first_name": "", "last_name": "", "email": "mock@outlook.com", "is_staff": false, "is_active": true, "date_joined": "2026-04-28T00:52:30.451Z", "groups": [], "user_permissions": []}}, {"model": "auth.user", "fields": {"password": "pbkdf2_sha256$600000$rvBQemMOCMQo2ASQUR47r3$OrRoN6X0y2pBElvkCNs0BGsmF9/d3fQ4fPNgh/Z+OLk=", "last_login": null, "is_superuser": false, "username": "Anna Williams", "first_name": "", "last_name": "", "email": "mock@gmail.com", "is_staff": false, "is_active": true, "date_joined": "2026-04-28T00:52:43.163Z", "groups": [], "user_permissions": []}}, {"model": "auth.user", "fields": {"password": "pbkdf2_sha256$600000$kUXdaujKMmmfJTjiEQ9FgI$v0y/ufK9nm+olWtZ1koMQq8C3Z3RYjVegln6pXWX1Po=", "last_login": null, "is_superuser": false, "username": "Lisa Martinez", "first_name": "", "last_name": "", "email": "mock@fake.dev", "is_staff": false, "is_active": true, "date_joined": "2026-04-28T00:54:37.907Z", "groups": [], "user_permissions": []}}, {"model": "auth.user", "fields": {"password": "pbkdf2_sha256$600000$TvYBski2l7DUmmXyddBwT3$nREUTrvUK4wcjVieUC7pw9PlG3uPCN5n0ETM4+VjKF4=", "last_login": null, "is_superuser": false, "username": "Sarah Jones", "first_name": "", "last_name": "", "email": "mock@mock.local", "is_staff": false, "is_active": true, "date_joined": "2026-04-28T00:54:58.015Z", "groups": [], "user_permissions": []}}, {"model": "auth.user", "fields": {"password": "pbkdf2_sha256$600000$07lpTEy4Cd1leJB0bEC9gu$IJesiEA+FQdZi2YxXoFELL6c2iXQde5MzC6xhOUtaak=", "last_login": null, "is_superuser": false, "username": "Lisa Rodriguez", "first_name": "", "last_name": "", "email": "mock@dummy.test", "is_staff": false, "is_active": true, "date_joined": "2026-04-28T00:55:18.174Z", "groups": [], "user_permissions": []}}, {"model": "auth.user", "fields": {"password": "pbkdf2_sha256$600000$RHrFeDj8WL163733g4hmNc$nnfBu6amQAaWmDil2G7gFmEcQz7xojTY/4KpsiYZhnc=", "last_login": null, "is_superuser": false, "username": "Kevz", "first_name": "", "last_name": "", "email": "kbueno821@gmail.com", "is_staff": false, "is_active": true, "date_joined": "2026-04-28T00:57:08.648Z", "groups": [], "user_permissions": []}}, {"model": "auth.user", "fields": {"password": "pbkdf2_sha256$600000$SFAmAaRbpJKV23TEWZNefF$wgtEwg6RT95xx5t+uu4cJgnhAqZSImJ+cR0mEri+AkU=", "last_login": null, "is_superuser": false, "username": "admin2", "first_name": "", "last_name": "", "email": "admin2@gmail.com", "is_staff": true, "is_active": false, "date_joined": "2026-04-28T01:07:17.472Z", "groups": [], "user_permissions": []}}, {"model": "auth.user", "fields": {"password": "pbkdf2_sha256$600000$18mSEUjrkCkEHgjPdAUJ0W$ofdYRiP1XYB14tXNYiKFaZt07PERiC4jfPjS1UdCAKI=", "last_login": "2026-04-28T06:21:54.259Z", "is_superuser": false, "username": "asd", "first_name": "", "last_name": "", "email": "asds0@gmail.com", "is_staff": false, "is_active": true, "date_joined": "2026-04-28T06:21:40.570Z", "groups": [], "user_permissions": []}}, {"model": "auth.user", "fields": {"password": "pbkdf2_sha256$600000$k8jEI6T0X7LtF2lx6xiwI1$ez9eP7nKfB7onwK8PaIvKV/mrpgqhOB1FwcrGaAGR7A=", "last_login": null, "is_superuser": false, "username": "dax", "first_name": "", "last_name": "", "email": "dax@gmail.com", "is_staff": false, "is_active": true, "date_joined": "2026-04-28T07:27:36.664Z", "groups": [], "user_permissions": []}}, {"model": "auth.user", "fields": {"password": "pbkdf2_sha256$600000$7UrkTNAtKsakc3kgRWvBUE$ZDHho5ZHVoQJMm713uM+4FbL1MKwjNdgZmxbLmGCv6A=", "last_login": "2026-04-28T07:30:31.081Z", "is_superuser": false, "username": "mik", "first_name": "", "last_name": "", "email": "mi@gmail.com", "is_staff": false, "is_active": true, "date_joined": "2026-04-28T07:29:46.900Z", "groups": [], "user_permissions": []}}, {"model": "sessions.session", "pk": "6kdyqxupb78khls0imhdlosmq2siykxp", "fields": {"session_data": ".eJxVjMEOwiAQRP-FsyEgW9h69O43kAUWqRpISnsy_rtt0oMmc5r3Zt7C07oUv3ae_ZTERWhx-u0CxSfXHaQH1XuTsdVlnoLcFXnQLm8t8et6uH8HhXrZ1oasNZAgZEioXIAMNgKO0aAmJHIDJzVqy5nt2epBaQWokDJvgejE5wvaVjfX:1wHd22:ZPu-1qN5Y5OR6nZrwjfiMgMwXkXcUyR7sbotVMb7cpc", "expire_date": "2026-05-12T07:38:58.925Z"}}, {"model": "sessions.session", "pk": "hbn1vk1fgbgenpo365db10sg8bjpeb95", "fields": {"session_data": ".eJxVjMEOwiAQRP-FsyEgW9h69O43kAUWqRpISnsy_rtt0oMmc5r3Zt7C07oUv3ae_ZTERWhx-u0CxSfXHaQH1XuTsdVlnoLcFXnQLm8t8et6uH8HhXrZ1oasNZAgZEioXIAMNgKO0aAmJHIDJzVqy5nt2epBaQWokDJvgejE5wvaVjfX:1wHd23:zTxyZ1cBzkZ_N8RrTGxSV68Obpu0yE5jNpCJven_7cY", "expire_date": "2026-05-12T07:38:59.258Z"}}, {"model": "sessions.session", "pk": "x15n3ry1eymslocy8w9pd9e5g62vev8q", "fields": {"session_data": ".eJxVjMEOwiAQRP-FsyEgW9h69O43kAUWqRpISnsy_rtt0oMmc5r3Zt7C07oUv3ae_ZTERWhx-u0CxSfXHaQH1XuTsdVlnoLcFXnQLm8t8et6uH8HhXrZ1oasNZAgZEioXIAMNgKO0aAmJHIDJzVqy5nt2epBaQWokDJvgejE5wvaVjfX:1wHhIh:7ZvdPliIKhj5sqLoGhnh5MP-8ERBA31XKe9pBCwMPQ8", "expire_date": "2026-05-12T12:12:27.931Z"}}, {"model": "accounts.tenantprofile", "pk": 3, "fields": {"user": ["Lisa Miller"], "full_name": "John Smith", "phone": "9145293836", "room": 3, "room_number": "C", "photo": "", "created_at": "2026-04-28T00:52:31.875Z"}}, {"model": "accounts.tenantprofile", "pk": 4, "fields": {"user": ["Anna Williams"], "full_name": "Alex Miller", "phone": "2085781408", "room": 5, "room_number": "B", "photo": "", "created_at": "2026-04-28T00:52:44.591Z"}}, {"model": "accounts.tenantprofile", "pk": 5, "fields": {"user": ["Lisa Martinez"], "full_name": "Jane Garcia", "phone": "5745579759", "room": 2, "room_number": "B", "photo": "", "created_at": "2026-04-28T00:54:39.594Z"}}, {"model": "accounts.tenantprofile", "pk": 6, "fields": {"user": ["Sarah Jones"], "full_name": "Alex Davis", "phone": "7183033787", "room": 3, "room_number": "C", "photo": "", "created_at": "2026-04-28T00:54:59.528Z"}}, {"model": "accounts.tenantprofile", "pk": 7, "fields": {"user": ["Lisa Rodriguez"], "full_name": "Alex Rodriguez", "phone": "6469170718", "room": 1, "room_number": "A", "photo": "", "created_at": "2026-04-28T00:55:19.585Z"}}, {"model": "accounts.tenantprofile", "pk": 8, "fields": {"user": ["Kevz"], "full_name": "Kevz Bueno", "phone": "9634930958", "room": 4, "room_number": "A", "photo": "profiles/profile_9tqumi4.jpg", "created_at": "2026-04-28T00:57:10.050Z"}}, {"model": "accounts.tenantprofile", "pk": 9, "fields": {"user": ["asd"], "full_name": "asdasda", "phone": "9634930958", "room": 6, "room_number": "C", "photo": "", "created_at": "2026-04-28T06:21:42.025Z"}}, {"model": "accounts.tenantprofile", "pk": 10, "fields": {"user": ["dax"], "full_name": "Joni Dax", "phone": "9352485211", "room": 7, "room_number": "1", "photo": "", "created_at": "2026-04-28T07:27:38.888Z"}}, {"model": "accounts.tenantprofile", "pk": 11, "fields": {"user": ["mik"], "full_name": "mic ", "phone": "9111111111", "room": 1, "room_number": "A", "photo": "", "created_at": "2026-04-28T07:29:48.547Z"}}, {"model": "accounts.adminprofile", "pk": 1, "fields": {"user": ["admin1"], "full_name": "admin1", "phone": "92312123", "created_at": "2026-04-28T00:51:33.919Z", "photo": "profiles/me_LhYfm8i.jpeg", "created_by": ["kevin"]}}, {"model": "accounts.adminprofile", "pk": 2, "fields": {"user": ["admin2"], "full_name": "admin2", "phone": "3211322131", "created_at": "2026-04-28T01:07:18.882Z", "photo": "profiles/profilepic_0znT8Rf.jpg", "created_by": ["kevin"]}}, {"model": "accounts.adminprofile", "pk": 3, "fields": {"user": ["kevin"], "full_name": "Kevin Bueno", "phone": "9634930958", "created_at": "2026-04-28T01:19:00.732Z", "photo": "profiles/profilepic_BuI0x7e.jpg", "created_by": ["kevin"]}}, {"model": "accounts.maintenancereport", "pk": 1, "fields": {"tenant": 6, "description": "adsasd", "status": "completed", "created_at": "2026-04-28T06:57:57.796Z"}}, {"model": "accounts.maintenancereport", "pk": 2, "fields": {"tenant": 8, "description": "Broken Table\r\n", "status": "ongoing", "created_at": "2026-04-28T13:20:22.873Z"}}, {"model": "accounts.violation", "pk": 1, "fields": {"tenant": 6, "description": "adsad", "date": "2013-12-12", "created_at": "2026-04-28T06:59:00.229Z"}}, {"model": "accounts.inclusion", "pk": 1, "fields": {"name": "1 Table", "created_at": "2026-04-28T00:47:59.037Z"}}, {"model": "accounts.inclusion", "pk": 2, "fields": {"name": "2 chairs", "created_at": "2026-04-28T00:48:04.895Z"}}, {"model": "accounts.inclusion", "pk": 3, "fields": {"name": "Parking Lot", "created_at": "2026-04-28T00:50:31.854Z"}}, {"model": "accounts.room", "pk": 1, "fields": {"room_number": "A", "floor": 1, "capacity": 2, "monthly_rate": "4000.00", "photo": "rooms/images_8EhYskm.jpeg", "area": "20.00", "num_cr": 1, "bed_type": "both", "has_lababo": true, "water_included": true, "electricity_included": true, "has_wifi": false, "dynamic_inclusions": [1, 2]}}, {"model": "accounts.room", "pk": 2, "fields": {"room_number": "B", "floor": 1, "capacity": 3, "monthly_rate": "5000.00", "photo": "rooms/images_XgIKlYo.jpeg", "area": "20.00", "num_cr": 1, "bed_type": "single", "has_lababo": true, "water_included": true, "electricity_included": true, "has_wifi": true, "dynamic_inclusions": []}}, {"model": "accounts.room", "pk": 3, "fields": {"room_number": "C", "floor": 1, "capacity": 5, "monthly_rate": "10000.00", "photo": "rooms/download_cyIbpZr.jpeg", "area": "25.00", "num_cr": 2, "bed_type": "single", "has_lababo": true, "water_included": true, "electricity_included": true, "has_wifi": false, "dynamic_inclusions": []}}, {"model": "accounts.room", "pk": 4, "fields": {"room_number": "A", "floor": 2, "capacity": 2, "monthly_rate": "2000.00", "photo": "", "area": "2.00", "num_cr": 1, "bed_type": "both", "has_lababo": true, "water_included": true, "electricity_included": true, "has_wifi": false, "dynamic_inclusions": []}}, {"model": "accounts.room", "pk": 5, "fields": {"room_number": "B", "floor": 2, "capacity": 3, "monthly_rate": "2000.00", "photo": "", "area": "5.00", "num_cr": 1, "bed_type": "single", "has_lababo": false, "water_included": true, "electricity_included": true, "has_wifi": false, "dynamic_inclusions": []}}, {"model": "accounts.room", "pk": 6, "fields": {"room_number": "C", "floor": 2, "capacity": 2, "monthly_rate": "2222.00", "photo": "", "area": "2.00", "num_cr": 1, "bed_type": "single", "has_lababo": true, "water_included": false, "electricity_included": true, "has_wifi": false, "dynamic_inclusions": []}}, {"model": "accounts.room", "pk": 7, "fields": {"room_number": "1", "floor": 1, "capacity": 1, "monthly_rate": "1.00", "photo": "", "area": "1.00", "num_cr": 1, "bed_type": "Both Single/Double B", "has_lababo": false, "water_included": false, "electricity_included": false, "has_wifi": false, "dynamic_inclusions": []}}, {"model": "accounts.bill", "pk": 4, "fields": {"tenant": 8, "room": 4, "bill_number": "BILL-1996-00001", "period_start": "1996-04-03", "period_end": "2017-02-16", "due_date": "2000-11-21", "total_amount": "5000.00", "notes": "", "status": "sent", "created_at": "2026-04-28T13:33:44.795Z", "updated_at": "2026-04-28T13:33:44.795Z"}}, {"model": "accounts.bill", "pk": 3, "fields": {"tenant": 6, "room": 3, "bill_number": "BILL-2026-00001", "period_start": "2026-04-29", "period_end": "2000-03-17", "due_date": "2015-04-19", "total_amount": "29676.00", "notes": "Text Example Sample Test Ipsum Test Placeholder Sa", "status": "paid", "created_at": "2026-04-28T06:52:21.468Z", "updated_at": "2026-04-28T06:52:21.468Z"}}, {"model": "accounts.bill", "pk": 2, "fields": {"tenant": 5, "room": 2, "bill_number": "BILL-2017-00001", "period_start": "2017-09-16", "period_end": "2001-06-17", "due_date": "1994-01-28", "total_amount": "62491.00", "notes": "Demo Data Lorem Content Lorem Data Text Placeholde", "status": "partial", "created_at": "2026-04-28T01:09:52.523Z", "updated_at": "2026-04-28T01:09:52.523Z"}}, {"model": "accounts.bill", "pk": 1, "fields": {"tenant": 4, "room": 5, "bill_number": "BILL-1995-00001", "period_start": "1995-11-28", "period_end": "1992-07-08", "due_date": "2009-08-18", "total_amount": "1000.00", "notes": "Lorem Placeholder Data Example Content Placeholder", "status": "partial", "created_at": "2026-04-28T00:53:31.752Z", "updated_at": "2026-04-28T00:53:49.117Z"}}, {"model": "accounts.payment", "pk": 3, "fields": {"bill": 1, "amount": "500.00", "payment_date": "2017-03-16", "payment_method": "cash", "reference_number": "", "proof": "", "notes": "", "created_at": "2026-04-28T13:40:56.270Z"}}, {"model": "accounts.payment", "pk": 5, "fields": {"bill": 1, "amount": "50.00", "payment_date": "2015-05-27", "payment_method": "gcash", "reference_number": "", "proof": "", "notes": "", "created_at": "2026-04-28T13:43:47.506Z"}}, {"model": "accounts.payment", "pk": 2, "fields": {"bill": 3, "amount": "99999.00", "payment_date": "2007-11-28", "payment_method": "cash", "reference_number": "55626", "proof": "", "notes": "", "created_at": "2026-04-28T06:52:48.066Z"}}, {"model": "accounts.payment", "pk": 4, "fields": {"bill": 1, "amount": "20.00", "payment_date": "2002-04-28", "payment_method": "gcash", "reference_number": "", "proof": "", "notes": "", "created_at": "2026-04-28T13:43:29.408Z"}}, {"model": "accounts.payment", "pk": 1, "fields": {"bill": 2, "amount": "2000.00", "payment_date": "1992-12-27", "payment_method": "cash", "reference_number": "", "proof": "", "notes": "", "created_at": "2026-04-28T01:10:22.992Z"}}, {"model": "accounts.activitylog", "pk": 30, "fields": {"user": ["kevin"], "action": "room_updated", "description": "Updated room 1-1", "content_type": "Room", "object_id": 7, "timestamp": "2026-04-29T04:45:12.112Z"}}, {"model": "accounts.activitylog", "pk": 29, "fields": {"user": ["kevin"], "action": "room_updated", "description": "Updated room 1-A", "content_type": "Room", "object_id": 1, "timestamp": "2026-04-29T04:43:17.981Z"}}, {"model": "accounts.activitylog", "pk": 28, "fields": {"user": ["kevin"], "action": "payment_recorded", "description": "Recorded payment of ₱50 from Alex Miller", "content_type": "Payment", "object_id": 5, "timestamp": "2026-04-28T13:43:47.546Z"}}, {"model": "accounts.activitylog", "pk": 27, "fields": {"user": ["kevin"], "action": "payment_recorded", "description": "Recorded payment of ₱20 from Alex Miller", "content_type": "Payment", "object_id": 4, "timestamp": "2026-04-28T13:43:29.448Z"}}, {"model": "accounts.activitylog", "pk": 26, "fields": {"user": ["kevin"], "action": "payment_recorded", "description": "Recorded payment of ₱500 for bill BILL-1995-00001", "content_type": "Payment", "object_id": 3, "timestamp": "2026-04-28T13:40:56.286Z"}}, {"model": "accounts.activitylog", "pk": 25, "fields": {"user": ["kevin"], "action": "bill_generated", "description": "Generated bill BILL-1996-00001 for Kevz Bueno (₱5000)", "content_type": "Bill", "object_id": 4, "timestamp": "2026-04-28T13:33:44.801Z"}}, {"model": "accounts.activitylog", "pk": 24, "fields": {"user": ["kevin"], "action": "maintenance_updated", "description": "Updated maintenance status from open to ongoing", "content_type": "MaintenanceReport", "object_id": 2, "timestamp": "2026-04-28T13:20:43.663Z"}}, {"model": "accounts.activitylog", "pk": 23, "fields": {"user": ["kevin"], "action": "maintenance_created", "description": "Created maintenance report for Kevz Bueno", "content_type": "MaintenanceReport", "object_id": 2, "timestamp": "2026-04-28T13:20:22.880Z"}}, {"model": "accounts.activitylog", "pk": 22, "fields": {"user": ["kevin"], "action": "tenant_deleted", "description": "Deleted tenant Lisa Johnson", "content_type": "TenantProfile", "object_id": 2, "timestamp": "2026-04-28T12:13:06.587Z"}}, {"model": "accounts.activitylog", "pk": 21, "fields": {"user": ["kevin"], "action": "admin_updated", "description": "deactivated admin admin2", "content_type": "AdminProfile", "object_id": 2, "timestamp": "2026-04-28T12:12:58.281Z"}}, {"model": "accounts.activitylog", "pk": 20, "fields": {"user": ["kevin"], "action": "tenant_created", "description": "Added tenant mic  to A", "content_type": "TenantProfile", "object_id": 11, "timestamp": "2026-04-28T07:29:48.555Z"}}, {"model": "accounts.activitylog", "pk": 19, "fields": {"user": ["kevin"], "action": "tenant_created", "description": "Added tenant Joni Dax to 1", "content_type": "TenantProfile", "object_id": 10, "timestamp": "2026-04-28T07:27:38.894Z"}}, {"model": "accounts.activitylog", "pk": 18, "fields": {"user": ["kevin"], "action": "maintenance_updated", "description": "Updated maintenance status from open to completed", "content_type": "MaintenanceReport", "object_id": 1, "timestamp": "2026-04-28T07:17:09.058Z"}}, {"model": "accounts.activitylog", "pk": 17, "fields": {"user": ["kevin"], "action": "maintenance_updated", "description": "Updated maintenance status from completed to open", "content_type": "MaintenanceReport", "object_id": 1, "timestamp": "2026-04-28T07:16:19.193Z"}}, {"model": "accounts.activitylog", "pk": 16, "fields": {"user": ["kevin"], "action": "maintenance_updated", "description": "Updated maintenance status from open to completed", "content_type": "MaintenanceReport", "object_id": 1, "timestamp": "2026-04-28T06:58:48.011Z"}}, {"model": "accounts.activitylog", "pk": 15, "fields": {"user": ["kevin"], "action": "maintenance_updated", "description": "Updated maintenance status from ongoing to open", "content_type": "MaintenanceReport", "object_id": 1, "timestamp": "2026-04-28T06:58:44.074Z"}}, {"model": "accounts.activitylog", "pk": 14, "fields": {"user": ["kevin"], "action": "maintenance_updated", "description": "Updated maintenance status from open to ongoing", "content_type": "MaintenanceReport", "object_id": 1, "timestamp": "2026-04-28T06:58:14.622Z"}}, {"model": "accounts.activitylog", "pk": 13, "fields": {"user": ["kevin"], "action": "maintenance_created", "description": "Created maintenance report for Alex Davis", "content_type": "MaintenanceReport", "object_id": 1, "timestamp": "2026-04-28T06:57:57.802Z"}}, {"model": "accounts.activitylog", "pk": 12, "fields": {"user": ["kevin"], "action": "payment_recorded", "description": "Recorded payment of ₱99999 for bill BILL-2026-00001", "content_type": "Payment", "object_id": 2, "timestamp": "2026-04-28T06:52:48.083Z"}}, {"model": "accounts.activitylog", "pk": 11, "fields": {"user": ["kevin"], "action": "bill_generated", "description": "Generated bill BILL-2026-00001 for Alex Davis (₱29676)", "content_type": "Bill", "object_id": 3, "timestamp": "2026-04-28T06:52:21.478Z"}}, {"model": "accounts.activitylog", "pk": 10, "fields": {"user": ["admin1"], "action": "room_updated", "description": "Updated room 1-1", "content_type": "Room", "object_id": 7, "timestamp": "2026-04-28T06:20:02.411Z"}}, {"model": "accounts.activitylog", "pk": 9, "fields": {"user": ["admin1"], "action": "room_created", "description": "Added room 1-1", "content_type": "Room", "object_id": 7, "timestamp": "2026-04-28T06:19:46.529Z"}}, {"model": "accounts.activitylog", "pk": 8, "fields": {"user": ["admin1"], "action": "room_updated", "description": "Updated room 1-A", "content_type": "Room", "object_id": 1, "timestamp": "2026-04-28T06:17:31.839Z"}}, {"model": "accounts.activitylog", "pk": 7, "fields": {"user": ["kevin"], "action": "room_created", "description": "Added room 2-C", "content_type": "Room", "object_id": 6, "timestamp": "2026-04-28T01:42:12.760Z"}}, {"model": "accounts.activitylog", "pk": 6, "fields": {"user": ["kevin"], "action": "tenant_deleted", "description": "Deleted tenant David Martinez", "content_type": "TenantProfile", "object_id": 1, "timestamp": "2026-04-28T01:41:16.352Z"}}, {"model": "accounts.activitylog", "pk": 5, "fields": {"user": ["kevin"], "action": "payment_recorded", "description": "Recorded payment of ₱2000 for bill BILL-2017-00001", "content_type": "Payment", "object_id": 1, "timestamp": "2026-04-28T01:10:23.013Z"}}, {"model": "accounts.activitylog", "pk": 4, "fields": {"user": ["kevin"], "action": "bill_generated", "description": "Generated bill BILL-2017-00001 for Jane Garcia (₱62491)", "content_type": "Bill", "object_id": 2, "timestamp": "2026-04-28T01:09:52.528Z"}}, {"model": "accounts.activitylog", "pk": 3, "fields": {"user": ["admin1"], "action": "bill_sent", "description": "Marked bill BILL-1995-00001 as sent to Alex Miller", "content_type": "Bill", "object_id": 1, "timestamp": "2026-04-28T00:53:59.261Z"}}, {"model": "accounts.activitylog", "pk": 2, "fields": {"user": ["admin1"], "action": "bill_updated", "description": "Updated bill BILL-1995-00001 for Alex Miller", "content_type": "Bill", "object_id": 1, "timestamp": "2026-04-28T00:53:49.125Z"}}, {"model": "accounts.activitylog", "pk": 1, "fields": {"user": ["admin1"], "action": "bill_generated", "description": "Generated bill BILL-1995-00001 for Alex Miller (₱0.01)", "content_type": "Bill", "object_id": 1, "timestamp": "2026-04-28T00:53:31.757Z"}}]